Rudy Gay,rudy_gay.png
Carl Landry,carl_landry.png
Jason Thompson,jason_thompson.png
Jason Terry,jason_terry.png
Derrick Williams,derrick_williams.png
DeMarcus Cousins,demarcus_cousins.png
Travis Outlaw,travis_outlaw.png
Ben McLemore,ben_mclemore.png
Aaron Gray,aaron_gray.png
Jimmer Fredette,jimmer_fredette.png
Reggie Evans,reggie_evans.png
Isaiah Thomas,isaiah_thomas.png
Quincy Acy,quincy_acy.png
Ray McCallum,ray_mccallum.png
Roger Mason,roger_mason.png
