Al Horford,al_horford.png
Paul Millsap,paul_millsap.png
Jeff Teague,jeff_teague.png
Kyle Korver,kyle_korver.png
Louis Williams,louis_williams.png
Elton Brand,elton_brand.png
DeMarre Carroll,demarre_carroll.png
Gustavo Ayon,gustavo_ayon.png
John Jenkins,john_jenkins.png
Jared Cunningham,jared_cunningham.png
Pero Antic,pero_antic.png
Antawn Jamison,antawn_jamison.png
Shelvin Mack,shelvin_mack.png
Mike Scott,mike_scott.png
Cartier Martin,cartier_martin.png
Dennis Schroeder,dennis_schroder.png
