Josh Smith,josh_smith.png
Charlie Villanueva,charlie_villanueva.png
Rodney Stuckey,rodney_stuckey.png
Brandon Jennings,brandon_jennings.png
Jonas Jerebko,jonas_jerebko.png
Greg Monroe,greg_monroe.png
Will Bynum,will_bynum.png
Kentavious Caldwell-Pope,kentavious_caldwell-pope.png
Chauncey Billups,chauncey_billups.png
Andre Drummond,andre_drummond.png
Luigi Datome,luigi_datome.png
Kyle Singler,kyle_singler.png
Josh Harrellson,josh_harrellson.png
Tony Mitchell,tony_mitchell.png
