Roy Hibbert,roy_hibbert.png
David West,david_west.png
George Hill,george_hill.png
Evan Turner,evan_turner.png
Luis Scola,luis_scola.png
Ian Mahinmi,ian_mahinmi.png
Paul George,paul_george.png
Lavoy Allen,lavoy_allen.png
Chris Copeland,chris_copeland.png
C.J. Watson,cj_watson.png
Solomon Hill,solomon_hill.png
Lance Stephenson,lance_stephenson.png
Andrew Bynum,andrew_bynum.png
Donald Sloan,donald_sloan.png
Rasual Butler,rasual_butler.png
Orlando Johnson,orlando_johnson.png
