Kevin Love,kevin_love.png
Nikola Pekovic,nikola_pekovic.png
Kevin Martin,kevin_martin.png
Chase Budinger,chase_budinger.png
Jose Barea,jose_barea.png
Luc Mbah a Moute,luc_mbah_a_moute.png
Corey Brewer,corey_brewer.png
Ricky Rubio,ricky_rubio.png
Alexey Shved,alexey_shved.png
Dante Cunningham,dante_cunningham.png
Shabazz Muhammad,shabazz_muhammad.png
Ronny Turiaf,ronny_turiaf.png
Gorgui Dieng,gorgui_dieng.png
A.J. Price,aj_price.png
Robbie Hummel,robbie_hummel.png
