Danny Granger,danny_granger.png
Thaddeus Young,thaddeus_young.png
Jason Richardson,jason_richardson.png
Earl Clark,earl_clark.png
Nerlens Noel,nerlens_noel.png
Michael Carter-Williams,michael_carter-williams.png
Tony Wroten,tony_wroten.png
Arnett Moultrie,arnett_moultrie.png
Elliot Williams,elliot_williams.png
Henry Sims,henry_sims.png
Hollis Thompson,hollis_thompson.png
Brandon Davies,brandon_davies.png
Lorenzo Brown,lorenzo_brown.png
Gani Lawal,gani_lawal.png
Vander Blue,vander_blue.png
