Joe Johnson,joe_johnson.png
Deron Williams,deron_williams.png
Paul Pierce,paul_pierce.png
Brook Lopez,brook_lopez.png
Kevin Garnett,kevin_garnett.png
Marcus Thornton,marcus_thornton.png
Mirza Teletovic,mirza_teletovic.png
Andrei Kirilenko,andrei_kirilenko.png
Andray Blatche,andray_blatche.png
Mason Plumlee,mason_plumlee.png
Alan Anderson,alan_anderson.png
Shaun Livingston,shaun_livingston.png
