Amar'e Stoudemire,amare_stoudemire.png
Carmelo Anthony,carmelo_anthony.png
Tyson Chandler,tyson_chandler.png
Andrea Bargnani,andrea_bargnani.png
J.R. Smith,jr_smith.png
Raymond Felton,raymond_felton.png
Iman Shumpert,iman_shumpert.png
Pablo Prigioni,pablo_prigioni.png
Metta World Peace,metta_world_peace.png
Kenyon Martin,kenyon_martin.png
Cole Aldrich,cole_aldrich.png
Beno Udrih,beno_udrih.png
Jeremy Tyler,jeremy_tyler.png
Toure' Murry,toure_murry.png
Tim Hardaway,timothy_hardaway.png
